{"val_loss": [0.9381697746276856, 0.9484052474975586, 0.7887183239936829, 0.7400707613945008, 0.6794781136512756, 0.661579150390625, 0.664656540107727, 0.606350452709198, 0.6807910492420196, 0.6417084836006165, 0.5925981847763061, 0.6045072155952453, 0.5944425879478454, 0.5871615118026733, 0.6012431869506836, 0.6347037209033966, 0.7122928344726562, 0.5660428395271301, 0.6286806829452515, 0.5725287685394287, 0.5888572227478027, 0.5916668665885926, 0.594931029510498, 0.5994881454467773, 0.5887908710479737, 0.5854935392379761, 0.5909113284111023, 0.5879343384742737, 0.5933273859500885, 0.59345452709198, 0.6353799139976501, 0.5982871585845947, 0.5952020823955536, 0.5933579927444458, 0.5973960913658142, 0.6073627109527588, 0.6394051242351532, 0.5978338431835175, 0.6059089331150055, 0.6066094480037689, 0.6107539940834046, 0.6096385733127594, 0.5909278412818909, 0.6692042622566223, 0.6256457402706146, 0.6362369356155395, 0.6363188976287841, 0.6145245728492736, 0.6358647019386291, 0.6208977692604065, 0.6688632465362548, 0.6404258638858795, 0.6181250915288925, 0.6339148559808732, 0.6109809570550918, 0.6450803210735321, 0.645432333946228, 0.6414526752948762, 0.6578053252696991, 0.6163406852006912, 0.6134675801277161, 0.6273888428688049, 0.6330345376491546, 0.6287380373477935, 0.6438743099212646, 0.6342613662481308, 0.6197907850027085, 0.6475832065105438, 0.6518326630592346, 0.6635125578403472, 0.6561268278121948, 0.6415703623771668, 0.6522495958805085, 0.647167633342743, 0.6695369778633118, 0.6588146499156952, 0.6833492522239685, 0.6700370092868805, 0.6783729360103607, 0.6617357913017273, 0.6484214926719666, 0.6674609628200531, 0.6527820776462555, 0.6631592697620392, 0.6693425029754638, 0.6473192134857177, 0.6974031593322754, 0.6795961017131805, 0.6894262227058411, 0.6861089149951934, 0.6662916931152344, 0.6734931136131287, 0.6776450701713562, 0.6567393377780915, 0.671968635559082, 0.648775636446476, 0.675669857430458, 0.6615825262069702, 0.645728917646408, 0.6922430752277374], "val_acc": [0.6704, 0.6763, 0.7246, 0.7461, 0.7649, 0.7742, 0.7741, 0.7933, 0.7724, 0.787, 0.8009, 0.8048, 0.8059, 0.8062, 0.8095, 0.7997, 0.7823, 0.8193, 0.8087, 0.8209, 0.8144, 0.8139, 0.8182, 0.8197, 0.8216, 0.8231, 0.8208, 0.8224, 0.825, 0.8228, 0.8237, 0.8266, 0.8258, 0.8288, 0.8319, 0.833, 0.8178, 0.8342, 0.836, 0.8355, 0.8306, 0.8329, 0.8325, 0.8149, 0.8317, 0.8248, 0.8328, 0.8319, 0.8304, 0.8322, 0.8255, 0.8343, 0.8348, 0.8318, 0.8363, 0.8325, 0.8356, 0.8366, 0.8346, 0.8365, 0.8395, 0.8416, 0.8355, 0.838, 0.8408, 0.8385, 0.8412, 0.8416, 0.8343, 0.8362, 0.836, 0.8404, 0.8371, 0.84, 0.8361, 0.832, 0.8323, 0.839, 0.8357, 0.8393, 0.8386, 0.8374, 0.8353, 0.8385, 0.8399, 0.8428, 0.8377, 0.8382, 0.8369, 0.8348, 0.8352, 0.8379, 0.8379, 0.8377, 0.8434, 0.8403, 0.8414, 0.8394, 0.8432, 0.838], "loss": [1.1667573623657226, 0.9865037196350097, 0.8701272720336914, 0.7935330253601074, 0.7238817043685913, 0.6807480451202392, 0.6324513060569763, 0.5900037355232238, 0.5524428970336914, 0.5195551873397827, 0.48999478093147275, 0.46116748326301576, 0.4357027075958252, 0.412930065870285, 0.38693210144042967, 0.3701611228275299, 0.35314597560882566, 0.34279106030464174, 0.32738527306556703, 0.3005294514751434, 0.2961474924182892, 0.28060134548187254, 0.27687568554878234, 0.2567591970348358, 0.24951854049682617, 0.2437659935927391, 0.2301840254831314, 0.2269879604244232, 0.2157356660223007, 0.2111190769958496, 0.20280626865386964, 0.2054079652929306, 0.19186211180210114, 0.19135247432231903, 0.18020442596912384, 0.17828504480838775, 0.1710146987771988, 0.17001521488428115, 0.16532456040382384, 0.15962439581513405, 0.15966617859840393, 0.15518894051074983, 0.1566798924279213, 0.15475058129310607, 0.1487471250629425, 0.14528134824991226, 0.13818251882076263, 0.13724224086284637, 0.13413076975941657, 0.13375211332201958, 0.12774848757028578, 0.12650931661128997, 0.12341764800220728, 0.11880105964779854, 0.12309829676508903, 0.11378680059552193, 0.11325703371882438, 0.11146997135519982, 0.11137956054449082, 0.11249184037804603, 0.10939466770231723, 0.10466514147400856, 0.10593329723060131, 0.10678788659930229, 0.10763682528495788, 0.1034956708419323, 0.10017147438704968, 0.09666373668909073, 0.0968994592165947, 0.09615733749270439, 0.09905506992995738, 0.09634223072826863, 0.09573718170404434, 0.09294837157964707, 0.09578682443618775, 0.08707530365347863, 0.08817785213410854, 0.0917643683052063, 0.09341386654138566, 0.08758663904666901, 0.0873672270154953, 0.08667626376152039, 0.08700941840827466, 0.0863962832915783, 0.08372463797152042, 0.08432171621501446, 0.08573473416864871, 0.08482512649774551, 0.08147417183637619, 0.07857833706736565, 0.07841801113545895, 0.09192906402051448, 0.0841024410545826, 0.08163575472533703, 0.07744606789231301, 0.07453496491014958, 0.07292697151690722, 0.07521709235727787, 0.07500230162382125, 0.07780941454172134], "acc": [0.59808, 0.65944, 0.69742, 0.72254, 0.74756, 0.76392, 0.77688, 0.7927, 0.805, 0.81586, 0.82756, 0.83682, 0.84602, 0.85288, 0.86324, 0.86962, 0.87454, 0.87854, 0.88292, 0.89078, 0.89456, 0.89916, 0.9021, 0.90834, 0.90954, 0.91162, 0.91692, 0.92006, 0.92238, 0.92588, 0.92884, 0.92584, 0.93102, 0.93042, 0.93762, 0.93618, 0.93884, 0.93868, 0.94128, 0.94372, 0.94328, 0.94394, 0.94384, 0.9461, 0.94694, 0.94952, 0.95108, 0.95266, 0.95244, 0.95296, 0.9551, 0.95438, 0.95622, 0.95894, 0.95706, 0.95902, 0.96084, 0.96242, 0.9606, 0.95994, 0.96156, 0.96292, 0.96256, 0.96182, 0.96266, 0.96432, 0.96526, 0.96478, 0.9655, 0.96554, 0.96474, 0.96624, 0.96646, 0.96724, 0.96656, 0.96928, 0.96902, 0.9682, 0.96824, 0.96864, 0.96958, 0.96952, 0.96976, 0.9688, 0.97082, 0.97036, 0.97046, 0.97002, 0.97104, 0.97174, 0.97276, 0.96818, 0.97024, 0.97102, 0.97374, 0.97398, 0.97488, 0.97408, 0.97394, 0.97314]}