{"val_loss": [1.0464617280960082, 1.027246382522583, 0.9593148736953735, 0.739184593963623, 0.6734134517669678, 0.7342933746337891, 0.8001699575424195, 0.635476725769043, 0.6348594854354859, 0.6039309264183045, 0.6267522846221923, 0.6022822520256043, 0.6115899025917053, 0.5559479126930237, 0.5759854369163513, 0.5859978475570679, 0.5936047925949096, 0.600508417892456, 0.6481304718017578, 0.5865560836791992, 0.7062223148345947, 0.634457941865921, 0.6094058097839355, 0.6548885109901428, 0.5845304636478424, 0.6170110872268677, 0.6136857112884522, 0.5901149062156678, 0.611229551410675, 0.6040497206687927, 0.5971279228687286, 0.6372141479492187, 0.5856298215866089, 0.5991936693191529, 0.6057417631149292, 0.6385182958602905, 0.6557969804286957, 0.5992329888820648, 0.6679473865509034, 0.6239446044921875, 0.6697405395984649, 0.6417231463432312, 0.6358161000728607, 0.6598991125106811, 0.6617971205711365, 0.6378066054821014, 0.6254576619148254, 0.7067080340385437, 0.6245938886642456, 0.6267644604682923, 0.648779946231842, 0.647911897277832, 0.6299680109500885, 0.634342132806778, 0.6764189002990723, 0.635488778245449, 0.6510675204277039, 0.6406159148693085, 0.6230268739700318, 0.6644451004505157, 0.6520353954792023, 0.6361771408081055, 0.6564069646835328, 0.6607409644126893, 0.66690902967453, 0.6771815578460694, 0.6370763356685638, 0.6579597728252411, 0.6617511032104492, 0.6882502394676209, 0.7475520175933837, 0.6975253900527955, 0.6730543974876404, 0.6585963019132615, 0.6563512584209442, 0.6606130386352539, 0.6709179417610168, 0.6571022852897644, 0.6757905205726623, 0.6608268689155579, 0.7325995357513427, 0.6496569558143616, 0.6482693958759308, 0.6946843186855316, 0.6675743416786194, 0.6712963461399079, 0.6780292819261551, 0.6798762974262238, 0.6971358857154846, 0.6816045183181763, 0.7077268585205078, 0.6853530782699585, 0.7310022570610046, 0.6577625797271729, 0.6715343855857849, 0.7053838114738464, 0.7067657468795776, 0.6717062156200408, 0.7238070210456848, 0.6651764294624328], "val_acc": [0.6389, 0.648, 0.6735, 0.7437, 0.7674, 0.7499, 0.7356, 0.7838, 0.7848, 0.7945, 0.794, 0.7975, 0.8011, 0.8123, 0.8136, 0.8125, 0.8054, 0.8057, 0.8016, 0.8152, 0.7896, 0.8066, 0.8135, 0.8105, 0.8219, 0.8128, 0.8099, 0.825, 0.8186, 0.8258, 0.8242, 0.822, 0.8286, 0.8269, 0.827, 0.8226, 0.816, 0.8286, 0.8174, 0.826, 0.8211, 0.8257, 0.8268, 0.8173, 0.8178, 0.8274, 0.8277, 0.811, 0.8294, 0.8342, 0.8303, 0.83, 0.8312, 0.8351, 0.829, 0.8287, 0.8361, 0.8301, 0.8313, 0.8315, 0.8302, 0.8301, 0.8331, 0.8333, 0.8318, 0.8257, 0.8342, 0.8322, 0.8288, 0.8311, 0.82, 0.833, 0.8327, 0.8348, 0.835, 0.8368, 0.8311, 0.8334, 0.8343, 0.8361, 0.8297, 0.834, 0.8378, 0.8302, 0.8351, 0.8331, 0.832, 0.8308, 0.8314, 0.8351, 0.8275, 0.8352, 0.8226, 0.8358, 0.8353, 0.8382, 0.836, 0.8353, 0.8368, 0.8344], "loss": [1.1537572063446044, 0.9839469581031799, 0.8752336783218384, 0.7987456924247742, 0.7361638706970215, 0.6876453109169006, 0.6450644631958008, 0.6028635510253906, 0.5699801056098938, 0.5366760790252686, 0.49732313380241394, 0.47309977872848513, 0.44965231662750244, 0.4316130291557312, 0.40186983096599577, 0.38827737528800965, 0.3675399105453491, 0.3482270990753174, 0.33198446212768556, 0.34147047271728515, 0.30868822154045106, 0.29899930295586585, 0.28386177664756773, 0.2684286760723591, 0.2640604163122177, 0.24953723273277284, 0.24702024208545684, 0.23830355384349822, 0.22832626911640166, 0.22108908591747284, 0.2095071004343033, 0.20831726454019547, 0.19489663093566895, 0.19954807694911958, 0.18946114986419677, 0.18939302267074584, 0.18365893517494203, 0.17131025186538695, 0.17105966883182525, 0.17333097242355347, 0.16168081799507142, 0.1624155113863945, 0.1597654293489456, 0.1526773959517479, 0.150279751868248, 0.1634083280467987, 0.14588322780132293, 0.14367737051963805, 0.15176363535881043, 0.14098742742061615, 0.138142451941967, 0.13470827809333802, 0.13327434253931045, 0.1265448556160927, 0.13010937669157982, 0.12553973313808442, 0.12192964868664742, 0.12334752599000931, 0.11730341383457184, 0.11394884084582328, 0.11311822454094887, 0.1117272320830822, 0.11279436517715453, 0.11442207438707351, 0.10325974241614341, 0.10592971081316471, 0.10392521736860275, 0.10581007904529571, 0.10361820302903652, 0.10309398872375489, 0.10327920466005802, 0.0999152180981636, 0.1022316124111414, 0.0963870793145895, 0.09991381224274636, 0.09505365184485913, 0.09472475795030594, 0.09830684826254844, 0.09558081772148609, 0.091533950278759, 0.09150832638442516, 0.08860201024115086, 0.08628253877401353, 0.09015087229371072, 0.08739896832108497, 0.08958936124682426, 0.0868341528993845, 0.08189963883399963, 0.08463715173363685, 0.08684512399792671, 0.08295735476791859, 0.07889605614602566, 0.08202023032784463, 0.08175793610036373, 0.07926399370849133, 0.08005213004559278, 0.0823769229722023, 0.07763205443918705, 0.075380978564322, 0.07466906421840191], "acc": [0.60368, 0.66064, 0.69596, 0.72298, 0.74292, 0.75962, 0.77408, 0.7891, 0.7995, 0.812, 0.82344, 0.8312, 0.84032, 0.84828, 0.85708, 0.86204, 0.86746, 0.87524, 0.88266, 0.8792, 0.89086, 0.893, 0.89758, 0.90322, 0.90612, 0.91182, 0.9116, 0.91498, 0.91868, 0.92168, 0.92588, 0.92632, 0.9298, 0.92912, 0.93262, 0.93244, 0.93486, 0.9393, 0.93876, 0.93846, 0.94308, 0.94162, 0.94326, 0.94546, 0.94644, 0.9415, 0.94748, 0.94948, 0.94608, 0.94964, 0.95048, 0.95252, 0.95288, 0.95426, 0.9538, 0.95532, 0.95674, 0.95636, 0.95818, 0.95954, 0.96066, 0.95968, 0.96064, 0.96032, 0.96368, 0.96296, 0.9633, 0.9625, 0.9639, 0.96388, 0.96474, 0.964, 0.9644, 0.96556, 0.96434, 0.9665, 0.96764, 0.96576, 0.9662, 0.9681, 0.96816, 0.96862, 0.97008, 0.96878, 0.96902, 0.9688, 0.97008, 0.97154, 0.9702, 0.9703, 0.97048, 0.97176, 0.972, 0.97076, 0.97242, 0.97196, 0.97196, 0.97284, 0.97366, 0.97386]}